{"cameraMode":{"drawMode":0,"name":"Shaded","section":"Shading Mode"},"sceneLighting":true,"audioPlay":false,"sceneViewState":{"m_AlwaysRefresh":false,"showFog":true,"showSkybox":true,"showFlares":true,"showImageEffects":true,"showParticleSystems":true,"showVisualEffectGraphs":true,"m_FxEnabled":true},"in2DMode":false,"pivot":{"x":310.6659851074219,"y":1.726319670677185,"z":275.32269287109377},"rotation":{"x":-0.007110015023499727,"y":-0.981971263885498,"z":0.18509720265865327,"w":-0.03772031143307686},"size":16.150638580322267,"orthographic":false}